cond,rsa,rsa_ceil,rsa_ref_ceil,rsa_norm,cka,cka_ceil,cka_ref_ceil,cka_norm,rsa_norm_lo,rsa_norm_hi,cka_norm_lo,cka_norm_hi,nan_resamples,eval_return_mean,eval_return_std,n_seeds,train_minutes,init_rsa,init_rsa_ceil,init_rsa_ref_ceil,init_rsa_norm,init_cka,init_cka_ceil,init_cka_ref_ceil,init_cka_norm,uni_rsa_norm,uni_cka_norm,grad_var_init
mlp-pm,0.5641874047991025,0.5149880986972007,0.7339542615700007,0.9176779402001966,0.8816194430291132,0.9401762628658435,0.8782945520520049,0.9701891734601061,0.6082638830117832,1.1816615632716554,0.9371278513331757,0.99909439308655,4.0,-492.8725455152098,163.75448427175772,5,1.2702346555391948,0.7673373438829019,0.7891386788141869,0.8122121613196727,0.9584620576985583,0.7436090098147852,0.7842857726149937,0.7194115705580854,0.9899625498201353,0.8988216350215028,0.9719671099936683,
q-all-k1,0.6515828937114676,0.5846705385104942,0.7339542615700007,0.9946712623568456,0.7962319334182274,0.8677411597445088,0.8782945520520049,0.9120620758893164,0.8417838986820273,1.1967058880134598,0.8586370432942827,0.9603109051481203,4.0,-863.9585517598656,58.84165442432725,5,13.392482963403067,0.5925335706865933,0.49265142265684486,0.8122121613196727,0.9367168795520886,0.515345397609356,0.37262455086774526,0.7194115705580854,0.9953457349317191,0.940673464780117,0.9162850091818602,0.022606662507189023
q-all-k2,0.37746047022424245,0.2683214480115823,0.7339542615700007,0.8505684782332922,0.42057389642464105,0.4526935737702228,0.8782945520520049,0.666991124399054,0.5631905707137572,1.2612388092856108,0.326073867894468,1.0103989548883832,3.0,-167.40635456278113,35.06544684921906,5,15.790320097605388,0.5835835758760902,0.5393802702402957,0.8122121613196727,0.8816998939676857,0.3660299042079589,0.4969732860710249,0.7194115705580854,0.6121549091497249,0.906812798040648,0.594950812751185,0.015363835099763903
q-all-k3,0.34235610797054583,0.35357186171877286,0.7339542615700007,0.6720548732568541,0.47393670078952665,0.6950357086115614,0.8782945520520049,0.6065920129870077,0.35431940657719513,1.0402679653808486,0.3986212688529701,0.847789104462904,3.0,-145.6237504957402,10.074286636127106,5,17.508788519700367,0.5647919619172801,0.44138351497153455,0.8122121613196727,0.9432910391229193,0.3715132111908843,0.34634697129530556,0.7194115705580854,0.74426887225295,0.7423939437963847,0.5287388472273034,0.01650388356081212
q-all-k4,0.4365832399517038,0.3700912961726477,0.7339542615700007,0.8376799594198335,0.5328212769502643,0.8344431457840361,0.8782945520520049,0.6223906915644541,0.6260258448150191,1.1202327971425945,0.4882240468826444,0.7362295335238808,4.0,-152.1869275495391,11.321309668290624,5,16.914889558156332,0.5363162003114492,0.6247880835670566,0.8122121613196727,0.7528696723050091,0.2819745060183647,0.34029097923399,0.7194115705580854,0.5698964045035788,0.6931562830120158,0.5153959802856505,0.01693238287446179
q-chain-k1,0.542077953026703,0.4283537484025978,0.7339542615700007,0.9667762219165182,0.7557478033948933,0.7624947030244644,0.8782945520520049,0.9235031552696952,0.7843482317607927,1.1802506361850107,0.8465040179652419,1.0123296535950401,3.0,-844.2401179431647,82.7391820982421,5,13.015337122281391,0.5923601582135047,0.5385164003007135,0.8122121613196727,0.8956774274869058,0.5061279521953059,0.396852503996275,0.7194115705580854,0.9472335050923522,0.9470901088320408,0.9077497578757054,0.02640539530723899
q-chain-k2,0.5088576492364464,0.5055085850279758,0.7339542615700007,0.8354059060460294,0.72886722216364,0.661389995650714,0.8782945520520049,0.9563118006753405,0.6518318345642112,1.1106264402533181,0.8420446424029752,1.0348848615690285,3.0,-674.0778641241768,256.590254303702,5,12.199869400660196,0.6080016792049909,0.5634220741517257,0.8122121613196727,0.8987793914702968,0.4652527044784173,0.4737608099573746,0.7194115705580854,0.7969308347850549,0.9286744618014601,0.9490297144641544,0.019853017464701774
q-chain-k3,0.4919395115074811,0.4643553462292779,0.7339542615700007,0.8426592302510921,0.6818603720141677,0.7883811374577034,0.8782945520520049,0.8194212912787756,0.7063869612693963,1.0107444490795034,0.7288274889783456,0.88646500277598,2.0,-160.0361191753787,10.31428902258224,5,13.490750505129496,0.7003513659017004,0.606448129324489,0.8122121613196727,0.9978939868782065,0.5395889433247809,0.478620086815415,0.7194115705580854,0.9195574603502599,0.8880285042242743,0.8134162205664176,0.01955747306172249
q-chain-k4,0.4051936087775397,0.3751773153478551,0.7339542615700007,0.7721644490819545,0.5391306326419872,0.8231259119012012,0.8782945520520049,0.6340752146104809,0.6299872468649101,0.911361831430386,0.5351753116878729,0.7179627398931511,0.0,-148.8690338844581,9.713940743628452,10,15.224012025197347,0.6020530674398425,0.5470978414394094,0.8122121613196727,0.9031658934987716,0.44180619049707764,0.34602636026133254,0.7194115705580854,0.8854998568309662,0.5870312096845042,0.5759306803866325,0.017421439021402144
q-sep-k0,0.5938395732371634,0.543698645174127,0.7339542615700007,0.9400598661511392,0.7731988113134804,0.7798266628808628,0.8782945520520049,0.9342692248191317,0.8092063148234659,1.0346314891871384,0.8894175164018207,0.9728480238749426,0.0,-823.0965653538157,79.73813116923662,10,11.241004789272944,0.5774046800532759,0.433100722025528,0.8122121613196727,0.9735339512775399,0.439961808119742,0.46313004345767717,0.7194115705580854,0.7622102619930416,0.9404152413444454,0.9300237444477877,0.0348054666373328
mlp,,,,,,,,,,,,,,-629.3968519209246,144.84726674078615,10,1.3774929428100586,,,,,,,,,,,
