seed,topology,T,p,null_mean,null_sd,n_coupled,n_uncoupled
0,chain,0.005547432286971947,9.999000099990002e-05,-1.770298356565351e-05,0.0013979755499862337,38094,34222
1,chain,0.022338233526708866,9.999000099990002e-05,-1.4966076415772412e-06,0.001247439593354469,38094,34222
2,chain,0.012611059578092342,9.999000099990002e-05,-1.738365839930127e-05,0.0011673634343637891,38094,34222
3,chain,0.006485263311087676,9.999000099990002e-05,6.859287231163114e-06,0.0012233138569636335,38094,34222
4,chain,-0.021888015072058724,1.0,-4.69059000323474e-07,0.001244125045222555,38094,34222
5,chain,-0.0016396539429850859,0.9801019898010199,1.1175597007509417e-05,0.0008026229954693363,38094,34222
6,chain,0.03264010157445276,9.999000099990002e-05,3.5083378641702092e-06,0.0012163761976325665,38094,34222
7,chain,0.017917888903578295,9.999000099990002e-05,-5.1552011630843995e-06,0.001060857923350687,38094,34222
8,chain,0.007918120482531847,9.999000099990002e-05,8.827388243530526e-06,0.0016209845426630415,38094,34222
9,chain,0.008376428546938219,9.999000099990002e-05,5.22499912375531e-06,0.000976794577877857,38094,34222
0,all,-0.03527364041538481,1.0,-1.1122974060490555e-05,0.0018156585111172,38094,34222
1,all,0.03189595899892518,9.999000099990002e-05,-1.1396669268309256e-05,0.0018707441288944623,38094,34222
2,all,0.01596553204117645,9.999000099990002e-05,8.900472464931135e-06,0.001992452496767418,38094,34222
3,all,0.016758315001519964,9.999000099990002e-05,8.583013405245534e-06,0.001289765411567055,38094,34222
4,all,-0.020527228218172756,1.0,2.2510960043987533e-06,0.0013919389458123858,38094,34222
