transform,cond,rsa_norm,cka_norm,rsa,cka
raw,mlp-pm,0.355907275194893,0.40675338085033447,0.27422172739621326,0.3463742673514201
raw,q-all-k1,0.8535486811954833,0.900742120653683,0.6332847906180437,0.8232347036194121
raw,q-all-k2,0.8625523088213183,0.9096088527237791,0.6467270171660988,0.8207978130182789
raw,q-all-k3,0.9858652435342053,0.9823098980139617,0.736232103434266,0.8742271869284245
raw,q-all-k4,0.926985528837464,0.9114813478033124,0.4309141705155504,0.5011911280647615
raw,q-chain-k1,0.8282977298799379,0.8867714398788711,0.635786922281696,0.8023989201477764
raw,q-chain-k2,0.8668325259501918,0.9046310406875088,0.6719966626456254,0.8503793759710018
raw,q-chain-k3,0.8696361141079401,0.8959877358346554,0.6734412698003287,0.8192604804300995
raw,q-chain-k4,0.9595557517037159,0.9684904277170583,0.7667928300526957,0.8916852278031668
raw,q-sep-k0,0.821932774559433,0.8513963086393407,0.6148362592238474,0.7683554043245746
zscore,mlp-pm,0.4557078621227017,0.512499999009033,0.3257153528949388,0.4093497886437945
zscore,q-all-k1,0.7421539780952808,0.7400374175416061,0.48915232823700255,0.6042943115784127
zscore,q-all-k2,0.7189149242015623,0.6942692791399244,0.5450689700949851,0.598857900889483
zscore,q-all-k3,0.9950155322883044,0.9887248508109451,0.668394935093128,0.7985896713398744
zscore,q-all-k4,0.8821656464895951,0.8868240979490203,0.42660206824181324,0.4713584406512878
zscore,q-chain-k1,0.7021630201903564,0.7488928611504297,0.47342065113223997,0.5947494468613415
zscore,q-chain-k2,0.7170069805511493,0.7147800370387795,0.4995502554595261,0.5997938366604215
zscore,q-chain-k3,0.8511607740846635,0.7568546948527416,0.6344693795830817,0.668659272302796
zscore,q-chain-k4,0.9252540959674315,0.899942342166561,0.6554609008362157,0.7078790486267397
zscore,q-sep-k0,0.7781413660299349,0.7348763239826177,0.5518921044310062,0.614466882112029
whiten,mlp-pm,0.6947814780001066,0.7272759893832889,0.36932876195288655,0.4586752047039908
whiten,q-all-k1,0.6682386979763635,0.6535571870974789,0.35342062515962225,0.3961028059277787
whiten,q-all-k2,0.7002527474360001,0.6658351068532147,0.39163457565359755,0.4291073581856136
whiten,q-all-k3,0.8859912321605913,0.7982564142376659,0.34783785189505395,0.3532783929601097
whiten,q-all-k4,0.7352175820008391,0.7085138006038885,0.24652442430147695,0.249921407131032
whiten,q-chain-k1,0.7241016470216037,0.6996169354837493,0.3669734859269982,0.4094056371202708
whiten,q-chain-k2,0.7234578428260705,0.6904029238987034,0.412701523459553,0.43979909473152723
whiten,q-chain-k3,0.7536432335291514,0.7063608828028527,0.42037324004536325,0.44766414194001364
whiten,q-chain-k4,0.7935388577231378,0.7482676235010784,0.3688742012828837,0.38589857296681496
whiten,q-sep-k0,0.7139125808040641,0.690627360997794,0.3869555074403065,0.42725691734213195
rank,mlp-pm,0.4951758208731331,0.5499590817051029,0.35140400226000135,0.43879859595374204
rank,q-all-k1,0.7565343359919529,0.7207116152546821,0.46390701746594604,0.5874598585804217
rank,q-all-k2,0.7485584170478597,0.6872734857347882,0.5480497910283387,0.5837781607952229
rank,q-all-k3,1.0131812319588223,0.9831018188415984,0.6715355600459838,0.7985563799680713
rank,q-all-k4,0.9061021043824783,0.8649004174756734,0.44032486185251796,0.4744585283081328
rank,q-chain-k1,0.7159438749300702,0.7153386808881815,0.47714400436624355,0.5768181781814923
rank,q-chain-k2,0.7051147605629635,0.6671220139709607,0.47535045996313224,0.5638866392037026
rank,q-chain-k3,0.8283221485707407,0.7485345785932117,0.5903471460588122,0.6381681056789124
rank,q-chain-k4,0.9268282775851083,0.8713759569669515,0.6325329260616229,0.6774840679242528
rank,q-sep-k0,0.79906646270315,0.7299422821876166,0.5077718068064424,0.588557593749503
