run_dir,cond,family,topology,k,seed,eval_return,train_return_final,train_grad_var,train_seconds
runs/acrobot/mlp/seed0,mlp,mlp,sep,,0,-88.8,-93.55520833333333,2.313515545427167e-05,144.2943651676178
runs/acrobot/mlp/seed1,mlp,mlp,sep,,1,-85.1,-88.14583333333331,3.321562240805671e-05,93.26434969902039
runs/acrobot/mlp/seed2,mlp,mlp,sep,,2,-88.0,-92.2625,2.2403680074536378e-05,115.1590301990509
runs/acrobot/mlp/seed3,mlp,mlp,sep,,3,-83.3,-110.403125,1.891581158252982e-05,119.45934057235718
runs/acrobot/mlp/seed4,mlp,mlp,sep,,4,-79.4,-87.06875000000001,2.5958279908365035e-05,58.59228587150574
runs/acrobot/mlp/seed5,mlp,mlp,sep,,5,-86.85,-103.29895833333335,1.7086396592760855e-05,83.40538477897644
runs/acrobot/mlp/seed6,mlp,mlp,sep,,6,-84.4,-95.890625,1.9629444698351064e-05,78.77909779548645
runs/acrobot/mlp/seed7,mlp,mlp,sep,,7,-89.15,-99.99479166666667,1.794962629521221e-05,82.57147455215454
runs/acrobot/mlp/seed8,mlp,mlp,sep,,8,-79.1,-88.06354166666665,2.7051813459201795e-05,90.79655480384827
runs/acrobot/mlp/seed9,mlp,mlp,sep,,9,-84.1,-87.75833333333333,2.7753535209926593e-05,61.0534565448761
runs/acrobot/mlp-pm/seed0,mlp-pm,mlp-pm,sep,,0,-85.4,-126.25520833333333,0.00012066479461070798,102.0732843875885
runs/acrobot/mlp-pm/seed1,mlp-pm,mlp-pm,sep,,1,-116.55,-122.39479166666666,0.0001335754743761429,114.37042093276978
runs/acrobot/mlp-pm/seed2,mlp-pm,mlp-pm,sep,,2,-500.0,-494.1322916666666,6.0865573135235324e-05,121.66843581199646
runs/acrobot/mlp-pm/seed3,mlp-pm,mlp-pm,sep,,3,-225.2,-333.7729166666667,7.38892954583092e-05,117.78648018836975
runs/acrobot/mlp-pm/seed4,mlp-pm,mlp-pm,sep,,4,-500.0,-473.9229166666667,7.658318196024018e-05,70.71806406974792
runs/acrobot/q-all-k1-z/seed0,q-all-k1,quantum,all,1.0,0,-82.95,-112.41875,3.500546991841982e-05,2782.849460840225
runs/acrobot/q-all-k1-z/seed1,q-all-k1,quantum,all,1.0,1,-81.1,-107.703125,2.597225361233675e-05,2277.374027967453
runs/acrobot/q-all-k1-z/seed2,q-all-k1,quantum,all,1.0,2,-82.85,-94.82604166666665,2.7356602484986546e-05,2424.529351234436
runs/acrobot/q-all-k1-z/seed3,q-all-k1,quantum,all,1.0,3,-93.55,-137.43125,3.135281748269138e-05,2451.6737899780273
runs/acrobot/q-all-k1-z/seed4,q-all-k1,quantum,all,1.0,4,-79.15,-96.85520833333332,4.0681018684854607e-05,2270.9100205898285
runs/acrobot/q-all-k2-z/seed0,q-all-k2,quantum,all,2.0,0,-138.6,-415.11354166666666,1.433773789984593e-05,2683.310494661331
runs/acrobot/q-all-k2-z/seed1,q-all-k2,quantum,all,2.0,1,-80.85,-123.66770833333334,1.45803457755511e-05,2422.922927379608
runs/acrobot/q-all-k2-z/seed2,q-all-k2,quantum,all,2.0,2,-75.9,-99.46875,2.5735989568408407e-05,2647.9783289432526
runs/acrobot/q-all-k2-z/seed3,q-all-k2,quantum,all,2.0,3,-79.6,-96.42604166666666,4.051138616663654e-05,2869.220249891281
runs/acrobot/q-all-k2-z/seed4,q-all-k2,quantum,all,2.0,4,-84.55,-99.17604166666668,2.0384999444201238e-05,3193.191334962845
runs/acrobot/q-all-k3-z/seed0,q-all-k3,quantum,all,3.0,0,-112.85,-142.115625,2.7433661782129798e-05,2437.745122909546
runs/acrobot/q-all-k3-z/seed1,q-all-k3,quantum,all,3.0,1,-81.55,-105.24583333333334,5.186669705951135e-05,2686.425168275833
runs/acrobot/q-all-k3-z/seed2,q-all-k3,quantum,all,3.0,2,-84.4,-119.55833333333334,1.7892717655517208e-05,3037.5616483688354
runs/acrobot/q-all-k3-z/seed3,q-all-k3,quantum,all,3.0,3,-78.15,-146.15729166666665,4.560579403696452e-05,2584.5749518871307
runs/acrobot/q-all-k3-z/seed4,q-all-k3,quantum,all,3.0,4,-86.95,-111.72083333333335,4.005804144201589e-05,2673.6781919002533
runs/acrobot/q-all-k4-z/seed0,q-all-k4,quantum,all,4.0,0,-500.0,-448.71979166666665,2.009629443431341e-05,3215.1792809963226
runs/acrobot/q-all-k4-z/seed1,q-all-k4,quantum,all,4.0,1,-500.0,-477.2749999999999,1.6097457818596312e-05,3138.9728972911835
runs/acrobot/q-all-k4-z/seed2,q-all-k4,quantum,all,4.0,2,-500.0,-412.203125,1.8665757366187657e-05,2689.812316417694
runs/acrobot/q-all-k4-z/seed3,q-all-k4,quantum,all,4.0,3,-83.15,-94.34791666666666,5.662653422747491e-05,3229.094512462616
runs/acrobot/q-all-k4-z/seed4,q-all-k4,quantum,all,4.0,4,-83.75,-119.078125,2.5166102606452397e-05,2359.2985849380493
runs/acrobot/q-chain-k1-z/seed0,q-chain-k1,quantum,chain,1.0,0,-83.1,-102.64479166666665,4.4255523759795994e-05,2225.5771613121033
runs/acrobot/q-chain-k1-z/seed1,q-chain-k1,quantum,chain,1.0,1,-84.9,-138.5375,3.9193105846204505e-05,2155.6052510738373
runs/acrobot/q-chain-k1-z/seed2,q-chain-k1,quantum,chain,1.0,2,-85.65,-94.31770833333333,4.0768082711662186e-05,2475.7523469924927
runs/acrobot/q-chain-k1-z/seed3,q-chain-k1,quantum,chain,1.0,3,-87.6,-183.97916666666666,4.024437334807732e-05,2021.2153832912445
runs/acrobot/q-chain-k1-z/seed4,q-chain-k1,quantum,chain,1.0,4,-81.3,-92.64375,3.838595812265339e-05,1959.066398382187
runs/acrobot/q-chain-k2-z/seed0,q-chain-k2,quantum,chain,2.0,0,-500.0,-227.8770833333333,2.3661331208139195e-05,2439.7310330867767
runs/acrobot/q-chain-k2-z/seed1,q-chain-k2,quantum,chain,2.0,1,-83.25,-103.37604166666665,3.2961674370929614e-05,2161.701189517975
runs/acrobot/q-chain-k2-z/seed2,q-chain-k2,quantum,chain,2.0,2,-81.75,-99.828125,2.461368536875748e-05,1790.348914861679
runs/acrobot/q-chain-k2-z/seed3,q-chain-k2,quantum,chain,2.0,3,-84.05,-109.93333333333334,3.384296618434269e-05,2187.398406267166
runs/acrobot/q-chain-k2-z/seed4,q-chain-k2,quantum,chain,2.0,4,-84.95,-112.75625000000001,2.2988287118782045e-05,2523.087290763855
runs/acrobot/q-chain-k3-z/seed0,q-chain-k3,quantum,chain,3.0,0,-83.2,-114.67812499999998,3.2625158728590445e-05,2208.86097073555
runs/acrobot/q-chain-k3-z/seed1,q-chain-k3,quantum,chain,3.0,1,-82.0,-101.91458333333333,3.2819687847028785e-05,2160.36701130867
runs/acrobot/q-chain-k3-z/seed2,q-chain-k3,quantum,chain,3.0,2,-78.85,-91.359375,4.2154646496514156e-05,2442.2959859371185
runs/acrobot/q-chain-k3-z/seed3,q-chain-k3,quantum,chain,3.0,3,-82.9,-105.734375,3.4566000352719645e-05,2155.530945777893
runs/acrobot/q-chain-k3-z/seed4,q-chain-k3,quantum,chain,3.0,4,-83.55,-95.94687500000002,4.1024966215623805e-05,2425.80091547966
runs/acrobot/q-chain-k4-z/seed0,q-chain-k4,quantum,chain,4.0,0,-91.85,-130.665625,4.9524768124667315e-05,2305.5345361232758
runs/acrobot/q-chain-k4-z/seed1,q-chain-k4,quantum,chain,4.0,1,-78.45,-97.06562500000001,5.2076327547254694e-05,2010.2890915870667
runs/acrobot/q-chain-k4-z/seed2,q-chain-k4,quantum,chain,4.0,2,-83.75,-114.16145833333333,3.073019808548675e-05,2365.484696865082
runs/acrobot/q-chain-k4-z/seed3,q-chain-k4,quantum,chain,4.0,3,-81.35,-120.31354166666667,3.103117155735133e-05,1891.1010031700134
runs/acrobot/q-chain-k4-z/seed4,q-chain-k4,quantum,chain,4.0,4,-88.55,-110.52083333333333,4.3510307932592004e-05,2152.773469686508
runs/acrobot/q-chain-k4-z/seed5,q-chain-k4,quantum,chain,4.0,5,-81.1,-122.58541666666666,3.4902575746810564e-05,2340.999285697937
runs/acrobot/q-chain-k4-z/seed6,q-chain-k4,quantum,chain,4.0,6,-83.7,-95.63229166666667,5.615466509089682e-05,2613.5596368312836
runs/acrobot/q-chain-k4-z/seed7,q-chain-k4,quantum,chain,4.0,7,-468.05,-222.78645833333334,2.3288824573668177e-05,2555.0172390937805
runs/acrobot/q-chain-k4-z/seed8,q-chain-k4,quantum,chain,4.0,8,-79.2,-113.80208333333333,3.908268836051425e-05,2080.4490308761597
runs/acrobot/q-chain-k4-z/seed9,q-chain-k4,quantum,chain,4.0,9,-77.5,-96.721875,5.0343827164858034e-05,2625.7960374355316
runs/acrobot/q-sep-k0-z/seed0,q-sep-k0,quantum,sep,0.0,0,-157.4,-255.70624999999998,4.8148047711514685e-05,1674.7633769512177
runs/acrobot/q-sep-k0-z/seed1,q-sep-k0,quantum,sep,0.0,1,-93.5,-122.3875,3.985345606302929e-05,1909.9258909225464
runs/acrobot/q-sep-k0-z/seed2,q-sep-k0,quantum,sep,0.0,2,-82.6,-91.06770833333333,4.273342510267093e-05,1714.157383441925
runs/acrobot/q-sep-k0-z/seed3,q-sep-k0,quantum,sep,0.0,3,-86.9,-99.44687499999999,4.621774090709074e-05,1264.5895371437073
runs/acrobot/q-sep-k0-z/seed4,q-sep-k0,quantum,sep,0.0,4,-105.15,-103.97291666666666,5.6130575785572276e-05,1331.9064359664917
runs/acrobot/q-sep-k0-z/seed5,q-sep-k0,quantum,sep,0.0,5,-82.9,-109.15729166666667,4.205435370153499e-05,1310.6660583019257
runs/acrobot/q-sep-k0-z/seed6,q-sep-k0,quantum,sep,0.0,6,-82.85,-102.15729166666667,5.3988508748484894e-05,1328.8468599319458
runs/acrobot/q-sep-k0-z/seed7,q-sep-k0,quantum,sep,0.0,7,-82.15,-124.27708333333334,4.337415430013652e-05,1259.909504890442
runs/acrobot/q-sep-k0-z/seed8,q-sep-k0,quantum,sep,0.0,8,-95.8,-217.521875,3.475141412294403e-05,1093.0326354503632
runs/acrobot/q-sep-k0-z/seed9,q-sep-k0,quantum,sep,0.0,9,-80.9,-100.375,3.383985267832849e-05,1080.689022064209
