kind,n,topology,rsa_trend,cka_trend
trajectory,100,chain,0.19999999999999998,0.8999999999999998
trajectory,100,all,0.7999999999999999,0.8999999999999998
trajectory,200,chain,0.6,0.8999999999999998
trajectory,200,all,0.7999999999999999,0.8999999999999998
trajectory,500,chain,0.6,0.8999999999999998
trajectory,500,all,0.7999999999999999,0.8999999999999998
trajectory,1000,chain,0.6,0.8999999999999998
trajectory,1000,all,0.7999999999999999,0.8999999999999998
uniform,100,chain,0.8999999999999998,0.8999999999999998
uniform,100,all,0.7999999999999999,0.7999999999999999
uniform,200,chain,0.8999999999999998,0.8999999999999998
uniform,200,all,0.7999999999999999,0.7999999999999999
uniform,500,chain,0.8999999999999998,0.8999999999999998
uniform,500,all,0.7999999999999999,0.7999999999999999
uniform,1000,chain,0.8999999999999998,0.8999999999999998
uniform,1000,all,0.7999999999999999,0.7999999999999999
