task,cond,topology,k,grad_var_mean,grad_var_first,n_inits
cartpole,q-sep-k0,chain,0,0.05195331557697789,0.2886505989352828,200
cartpole,q-chain-k1,chain,1,0.04071020598869388,0.20427841788028628,200
cartpole,q-chain-k2,chain,2,0.03521777183598831,0.16754450666058576,200
cartpole,q-chain-k3,chain,3,0.03142030319107017,0.13976851818736102,200
cartpole,q-chain-k4,chain,4,0.030199249703799096,0.12063084968039804,200
cartpole,q-all-k1,all,1,0.03006995426225963,0.14015812511359743,200
cartpole,q-all-k2,all,2,0.02294524366438423,0.08923712215358437,200
cartpole,q-all-k3,all,3,0.020327224088008418,0.06511662382330716,200
cartpole,q-all-k4,all,4,0.020843531993529126,0.058379298697872915,200
